power_station,state_name,station_type,sector,region,total_gen,avg_daily_gen,avg_capacity_mw,days_active,first_seen,last_seen
Vindhyachal Stps,Madhya Pradesh,Thermal,Central,Western,257884.01,7.779306485671192,366.15384615384613,2550,2017-09-01,2024-11-11
Sasan Umtpp,Madhya Pradesh,Thermal,Private,Western,225961.62,14.768733333333333,660.0,2550,2017-09-01,2024-11-11
Rihand Stps,Uttar Pradesh,Thermal,Central,Northern,161927.11,10.583471241830065,500.0,2550,2017-09-01,2024-11-11
Sipat Stps,Chhatisgarh,Thermal,Central,Western,156157.93,12.247680784313724,596.0,2550,2017-09-01,2024-11-11
Talcher Stps,Odisha,Thermal,Central,Eastern,152070.12,9.939223529411764,500.0,2550,2017-09-01,2024-11-11
Mundra Umtpp,Gujarat,Thermal,Private,Western,145880.01,11.441569411764707,800.0,2550,2017-09-01,2024-11-11
Korba Stps,Chhatisgarh,Thermal,Central,Western,143018.42,8.012236414565827,371.42857142857144,2550,2017-09-01,2024-11-11
Anpara Tps,Uttar Pradesh,Thermal,State,Northern,122924.37,6.886519327731092,375.7142857142857,2550,2017-09-01,2024-11-11
Tirora Tps,Maharashtra,Thermal,Private,Western,122229.37,11.471550445800093,660.0,2131,2017-09-01,2023-09-19
Ramagundem Stps,Telangana,Thermal,Central,Southern,120181.6,6.732862745098039,371.42857142857144,2550,2017-09-01,2024-11-11
Kahalgaon Tps,Bihar,Thermal,Central,Eastern,110773.1,6.205775910364146,334.2857142857143,2550,2017-09-01,2024-11-11
Chandrapur(Maharashtra) Stps,Maharashtra,Thermal,State,Western,108381.03,6.078918054854451,417.14285714285717,2547,2017-09-01,2024-11-11
Singrauli Stps,Uttar Pradesh,Thermal,Central,Northern,105389.88,5.904194957983194,285.7142857142857,2550,2017-09-01,2024-11-11
Mejia Tps,West Bengal,Thermal,Central,Eastern,99378.08,4.871474509803922,292.5,2550,2017-09-01,2024-11-11
Farakka Stps,West Bengal,Thermal,Central,Eastern,92800.73,6.0654071895424835,350.0,2550,2017-09-01,2024-11-11
Mauda Tps,Maharashtra,Thermal,Central,Western,84059.34,8.241111764705883,580.0,2550,2017-09-01,2024-11-11
Kudankulam,Tamil Nadu,Nuclear,Central,Southern,81930.75,16.064852941176472,1000.0,2550,2017-09-01,2024-11-11
Simhadri,Andhra Pradesh,Thermal,Central,Southern,80173.33,7.860130392156863,500.0,2550,2017-09-01,2024-11-11
Dr. N.Tata Rao Tps,Andhra Pradesh,Thermal,State,Southern,78019.41,3.9176203866432338,237.5696711021843,2550,2017-09-01,2024-11-11
Tamnar Tpp,Chhatisgarh,Thermal,Private,Western,76876.63,7.536924509803922,600.0,2550,2017-09-01,2024-11-11
Koradi Tps,Maharashtra,Thermal,State,Western,75670.47,6.303771242919027,489.3968677107631,2550,2017-09-01,2024-11-11
Prayagraj Tpp,Uttar Pradesh,Thermal,Private,Northern,74083.78,9.684154248366013,660.0,2550,2017-09-01,2024-11-11
Talwandi Sabo Tpp,Punjab,Thermal,Private,Northern,71375.38,9.330115032679739,660.0,2550,2017-09-01,2024-11-11
Sagardighi Tps,West Bengal,Thermal,State,Eastern,68559.65,6.721534313725489,400.0,2550,2017-09-01,2024-11-11
Rajpura Tpp,Punjab,Thermal,Private,Northern,67864.6,13.306784313725492,700.0,2550,2017-09-01,2024-11-11
Wanakbori Tps,Gujarat,Thermal,State,Western,66517.29,3.2945661218424958,255.87419514611193,2550,2017-09-01,2024-11-11
Lalitpur Tps,Uttar Pradesh,Thermal,Private,Northern,65564.97,8.57058431372549,660.0,2550,2017-09-01,2024-11-11
Akaltara Tps,Chhatisgarh,Thermal,Private,Western,65444.23,6.416100980392157,441.88235294117646,2550,2017-09-01,2024-11-11
Mundra Tps,Gujarat,Thermal,Private,Western,65166.54,7.589860237596087,513.3333333333334,954,2017-09-01,2020-06-29
Shree Singaji Tpp,Madhya Pradesh,Thermal,State,Western,63768.7,7.5662909349786425,618.9582344565733,2107,2018-11-20,2024-11-11
Korba-West Tps,Chhatisgarh,Thermal,State,Western,63539.73,4.983508235294118,268.0,2550,2017-09-01,2024-11-11
Painampuram Tpp,Andhra Pradesh,Thermal,Private,Southern,63462.55,12.443637254901962,660.0,2550,2017-09-01,2024-11-11
North Chennai Tps,Tamil Nadu,Thermal,State,Southern,62886.56,4.167432736911862,309.2445328031809,2550,2017-09-01,2024-11-11
Tarapur,Maharashtra,Nuclear,Central,Western,62725.909999999996,6.149599019607843,350.0,2550,2017-09-01,2024-11-11
Sgpl Tpp,Andhra Pradesh,Thermal,Private,Southern,62241.55,12.204225490196078,660.0,2550,2017-09-01,2024-11-11
Singareni Tpp,Telangana,Thermal,State,Southern,61213.75,12.002696078431372,600.0,2550,2017-09-01,2024-11-11
Neyveli Tps-Ii,Tamil Nadu,Thermal,Central,Southern,59456.47,3.3308946778711483,210.0,2550,2017-09-01,2024-11-11
Ib Valley Tps,Odisha,Thermal,State,Eastern,58949.75,5.900875875875876,352.1141141141141,2550,2017-09-01,2024-11-11
Dadri (Nctpp),Uttar Pradesh,Thermal,Central,Northern,58548.96,3.8267294117647057,303.3333333333333,2550,2017-09-01,2024-11-11
Anpara C Tps,Uttar Pradesh,Thermal,Private,Northern,57988.72,11.370337254901962,600.0,2550,2017-09-01,2024-11-11
Unchahar Tps,Uttar Pradesh,Thermal,Central,Northern,57426.68,3.7533777777777777,258.3333333333333,2550,2017-09-01,2024-11-11
Kudgi Stpp,Karnataka,Thermal,Central,Southern,56855.46,7.432086274509804,778.9803921568628,2550,2017-09-01,2024-11-11
Nigri Tpp,Madhya Pradesh,Thermal,Private,Western,56226.49,11.024801960784313,660.0,2550,2017-09-01,2024-11-11
Sanjay Gandhi Tps,Madhya Pradesh,Thermal,State,Western,55205.85,4.329870588235294,268.0,2550,2017-09-01,2024-11-11
Bakreswar Tps,West Bengal,Thermal,State,Eastern,55079.01,4.319922352941177,210.0,2550,2017-09-01,2024-11-11
Baradarha Tps,Chhatisgarh,Thermal,Private,Western,53561.34,10.502223529411763,600.0,2550,2017-09-01,2024-11-11
Khaparkheda Tps,Maharashtra,Thermal,State,Western,53158.49,4.169293333333333,268.0,2550,2017-09-01,2024-11-11
Kota Tps,Rajasthan,Thermal,State,Northern,52738.86,2.9545579831932773,177.14285714285714,2550,2017-09-01,2024-11-11
Rajasthan A.P.S,Rajasthan,Nuclear,Central,Northern,51861.02,3.989616124317255,216.07662127855988,2550,2017-09-01,2024-11-11
Mahatma Gandhi Tps,Haryana,Thermal,Private,Northern,51635.08,10.12452549019608,660.0,2550,2017-09-01,2024-11-11
Raichur Tps,Karnataka,Thermal,State,Southern,51566.42,2.5277656862745097,215.0,2550,2017-09-01,2024-11-11
Kakatiya Tps,Telangana,Thermal,State,Southern,51536.79,10.10525294117647,550.0,2550,2017-09-01,2024-11-11
Anuppur Tpp,Madhya Pradesh,Thermal,Private,Western,51213.14,10.041792156862744,604.2254901960785,2550,2017-09-01,2024-11-11
Maithon Rb Tpp,Jharkhand,Thermal,Private,Eastern,51193.63,10.037966666666666,525.0,2550,2017-09-01,2024-11-11
Damodaram Sanjeevaiah Tps,Andhra Pradesh,Thermal,State,Southern,51177.21,7.148653443218326,634.8372677748289,2550,2017-09-01,2024-11-11
Rayalaseema Tps,Andhra Pradesh,Thermal,State,Southern,51149.98,3.3431359477124185,267.11764705882354,2550,2017-09-01,2024-11-11
Lara Tpp,Chhatisgarh,Thermal,Central,Western,50649.69,9.931311764705884,614.2745098039215,2550,2017-09-01,2024-11-11
Nabinagar Stpp,Bihar,Thermal,Central,Eastern,50178.91,9.03148128149748,490.72354211663065,1852,2019-08-02,2024-11-11
Vallur Tpp,Tamil Nadu,Thermal,Central,Southern,49764.62,6.50517908496732,500.0,2550,2017-09-01,2024-11-11
Kaiga,Karnataka,Nuclear,Central,Southern,49674.57,4.870055882352941,220.0,2550,2017-09-01,2024-11-11
Tanda Tps,Uttar Pradesh,Thermal,Central,Northern,49200.22,3.368724409448819,217.68024649092777,2550,2017-09-01,2024-11-11
Nathpa Jhakri Hps,Himachal Pradesh,Hydro,Central,Northern,49026.98,19.226266666666668,1500.0,2550,2017-09-01,2024-11-11
Kodarma Tpp,Jharkhand,Thermal,Central,Eastern,48811.53,9.570888235294117,500.0,2550,2017-09-01,2024-11-11
Indira Gandhi Stpp,Haryana,Thermal,Central,Northern,48540.02,6.345100653594771,500.0,2550,2017-09-01,2024-11-11
Kamalanga Tps,Odisha,Thermal,Private,Eastern,48393.28,6.325918954248366,350.0,2550,2017-09-01,2024-11-11
Jalipa Kapurdi Tpp,Rajasthan,Thermal,Private,Northern,48107.74,2.3582225490196076,135.0,2550,2017-09-01,2024-11-11
Kothagudem Tps (New),Telangana,Thermal,State,Southern,47807.76,6.032524921135647,321.7665615141956,2550,2017-09-01,2024-11-11
Kawai Tps,Rajasthan,Thermal,Private,Northern,46072.32,10.810023463162834,660.0,2131,2017-09-01,2023-09-19
Durgapur Steel Tps,West Bengal,Thermal,Central,Eastern,45878.9,8.995862745098039,500.0,2550,2017-09-01,2024-11-11
Rosa Tpp Ph-I,Uttar Pradesh,Thermal,Private,Northern,45835.39,4.49366568627451,300.0,2550,2017-09-01,2024-11-11
Bhusawal Tps,Maharashtra,Thermal,State,Western,45610.47,5.16891092475068,404.2951042611061,2550,2017-09-01,2024-11-11
Kalisindh Tps,Rajasthan,Thermal,State,Northern,45510.85,8.923696078431373,600.0,2550,2017-09-01,2024-11-11
Derang Tpp,Odisha,Thermal,Private,Eastern,45325.13,8.887280392156862,600.0,2550,2017-09-01,2024-11-11
Chhabra Tpp,Rajasthan,Thermal,State,Northern,44262.36,5.3886486486486485,349.627465303141,1404,2017-09-01,2021-09-22
Type:,Bhutan,None,None,Bhutan Imp.,44243.57,18.819042960442363,0.0,2351,2018-03-20,2024-11-11
Darlipali Stps,Odisha,Thermal,Central,Eastern,43579.48,9.3118547008547,498.11965811965814,2340,2018-04-01,2024-11-11
Suratgarh Tps,Rajasthan,Thermal,State,Northern,41577.29,2.30268553389455,228.43597696056713,2550,2017-09-01,2024-11-11
Bellary Tps,Karnataka,Thermal,State,Southern,40675.62,5.317074509803922,566.6666666666666,2550,2017-09-01,2024-11-11
Barh Ii,Bihar,Thermal,Central,Eastern,40402.85,11.96766883886256,660.0,1688,2017-09-01,2022-07-03
Ukai Tps,Gujarat,Thermal,State,Western,40324.35,3.797019774011299,266.52542372881356,2550,2017-09-01,2024-11-11
Budge Budge Tps,West Bengal,Thermal,Private,Eastern,39546.48,5.169474509803922,250.0,2550,2017-09-01,2024-11-11
Marwa Tps,Chhatisgarh,Thermal,State,Western,39190.22,7.684356862745099,500.0,2550,2017-09-01,2024-11-11
Tuticorin Tps,Tamil Nadu,Thermal,State,Southern,38555.17,3.023934901960784,210.0,2550,2017-09-01,2024-11-11
Gadarwara Tpp,Madhya Pradesh,Thermal,Central,Western,37477.98,7.664208588957056,544.7852760736197,2550,2017-09-01,2024-11-11
Itpcl Tpp,Tamil Nadu,Thermal,Private,Southern,37258.7,7.305627450980392,600.0,2550,2017-09-01,2024-11-11
Raghunathpur Tpp,West Bengal,Thermal,Central,Eastern,36264.33,7.110652941176471,600.0,2550,2017-09-01,2024-11-11
Mettur Tps,Tamil Nadu,Thermal,State,Southern,35277.0,3.458529411764706,210.0,2550,2017-09-01,2024-11-11
Raikheda Tpp,Chhatisgarh,Thermal,Private,Western,35230.76,8.266250586579071,685.0,2131,2017-09-01,2023-09-19
Amravati Tps,Maharashtra,Thermal,Private,Western,35067.69,5.049343412526998,270.0,1389,2021-01-23,2024-11-11
Uchpinda Tpp,Chhatisgarh,Thermal,Private,Western,34729.6,3.404862745098039,340.3764705882353,2550,2017-09-01,2024-11-11
Op Jindal Tps,Chhatisgarh,Thermal,Private,Western,34518.84,3.3842,250.0,2550,2017-09-01,2024-11-11
Teesta-Iii Hps,Sikkim,Hydro,State,Eastern,34099.18,13.372227450980393,1200.0,2550,2017-09-01,2024-11-11
Barh Stps,Bihar,Thermal,Central,Eastern,33896.53,8.328385749385749,499.7837837837838,862,2022-07-04,2024-11-11
Meja Stpp,Uttar Pradesh,Thermal,Central,Northern,33797.3,6.626921568627451,482.18823529411765,2550,2017-09-01,2024-11-11
Satpura Tps,Madhya Pradesh,Thermal,State,Western,33431.24,2.185048366013072,221.66666666666666,2550,2017-09-01,2024-11-11
Sugen Ccpp,Gujarat,Ther (Gt),Private,Western,33383.57,13.091596078431373,1147.5,2550,2017-09-01,2024-11-11
Obra Tps,Uttar Pradesh,Thermal,State,Northern,33014.04,2.0497975909598907,180.96485781696262,2550,2017-09-01,2024-11-11
Parichha Tps,Uttar Pradesh,Thermal,State,Northern,32873.5,2.2137037037037035,189.95016835016835,2550,2017-09-01,2024-11-11
Jsw Ratnagiri Tpp,Maharashtra,Thermal,Private,Western,32368.4,4.4146753955264595,278.51882160392796,2550,2017-09-01,2024-11-11
Sharavathi Hps,Karnataka,Hydro,State,Southern,31275.29,12.264819607843137,1035.0,2550,2017-09-01,2024-11-11
Haldia Tpp,West Bengal,Thermal,Private,Eastern,31075.49,6.093233333333334,300.0,2550,2017-09-01,2024-11-11
Tripura Ccpp,Tripura,Ther (Gt),Central,North Eastern,30974.34,12.1468,726.6,2550,2017-09-01,2024-11-11
Trombay Tps,Maharashtra,Thermal,Private,Western,30479.84,5.058894605809129,378.8381742738589,2550,2017-09-01,2024-11-11
Karcham Wangtoo Hps,Himachal Pradesh,Hydro,Private,Northern,30035.64,11.778682352941177,1021.1588235294117,2550,2017-09-01,2024-11-11
Kothagudem Tps (Stage-7),Telangana,Thermal,State,Southern,29897.19,14.478058111380145,800.0,2065,2019-01-01,2024-11-11
Kolaghat Tps,West Bengal,Thermal,State,Eastern,29617.15,2.2122161637287125,209.90588586794144,2550,2017-09-01,2024-11-11
Solapur Stps,Maharashtra,Thermal,Central,Western,29349.49,5.754801960784314,584.4235294117647,2550,2017-09-01,2024-11-11
Khargone Stpp,Madhya Pradesh,Thermal,Central,Western,29210.16,8.132004454342985,628.5801781737193,1796,2019-09-27,2024-11-11
Mahan Tpp,Madhya Pradesh,Thermal,Private,Western,29180.29,5.721625490196079,551.8823529411765,2550,2017-09-01,2024-11-11
Mundra Tps-I & Ii,Gujarat,Thermal,Private,Western,28967.92,4.101942792410082,440.0,1177,2020-06-30,2023-09-19
Kakrapara,Gujarat,Nuclear,Central,Western,28926.52,3.714719404135097,208.18030050083473,2550,2017-09-01,2024-11-11
Gmr Warora Tps,Maharashtra,Thermal,Private,Western,28339.56,5.556776470588235,300.0,2550,2017-09-01,2024-11-11
Bongaigaon Tpp,Assam,Thermal,Central,North Eastern,28156.47,3.6805843137254906,231.99346405228758,2550,2017-09-01,2024-11-11
Harduaganj Tps,Uttar Pradesh,Thermal,State,Northern,27894.7,2.9353572556034937,232.90645059454909,2550,2017-09-01,2024-11-11
Neyveli New Tpp,Tamil Nadu,Thermal,Central,Southern,27558.65,5.635715746421268,314.11042944785277,2550,2017-09-01,2024-11-11
Rajiv Gandhi Tps,Haryana,Thermal,State,Northern,27517.02,5.3954941176470586,600.0,2550,2017-09-01,2024-11-11
Pathadi Tpp,Chhatisgarh,Thermal,Private,Western,27417.79,5.376037254901961,300.0,2550,2017-09-01,2024-11-11
Dhariwal Tpp,Maharashtra,Thermal,Private,Western,26905.47,5.275582352941177,300.0,2550,2017-09-01,2024-11-11
Dspm Tps,Chhatisgarh,Thermal,State,Western,26361.1,5.1688431372549015,250.0,2550,2017-09-01,2024-11-11
Santaldih Tps,West Bengal,Thermal,State,Eastern,26250.51,5.147158823529411,250.0,2550,2017-09-01,2024-11-11
Tala,Bhutan,None,None,Bhutan Imp.,26014.63,10.20181568627451,0.0,2550,2017-09-01,2024-11-11
Chandrapura(Dvc) Tps,Jharkhand,Thermal,Central,Eastern,25392.14,4.0725164394546916,223.77706495589413,2550,2017-09-01,2024-11-11
Nabinagar Tpp,Bihar,Thermal,Central,Eastern,25078.9,4.517092939481269,236.8515850144092,1388,2021-01-24,2024-11-11
Bhilai Tps,Chhatisgarh,Thermal,Central,Western,24686.54,4.840498039215687,250.0,2550,2017-09-01,2024-11-11
Salal Hps,Jammu And Kashmir,Hydro,Central,Northern,24021.04,9.42001568627451,690.0,2550,2017-09-01,2024-11-11
Adani Power Limited Tiroda Tpp,Maharashtra,Thermal,Private,Western,23931.17,11.422992840095464,660.0,419,2023-09-20,2024-11-11
Yermarus Tpp,Karnataka,Thermal,State,Southern,23814.97,4.6696019607843136,800.0,2550,2017-09-01,2024-11-11
Dahanu Tps,Maharashtra,Thermal,Private,Western,23466.41,4.601256862745098,250.0,2550,2017-09-01,2024-11-11
Muthiara Tpp,Tamil Nadu,Thermal,Private,Southern,23333.4,4.575176470588236,600.0,2550,2017-09-01,2024-11-11
Narora A.P.S,Uttar Pradesh,Nuclear,Central,Northern,23325.0,4.573529411764706,220.0,2550,2017-09-01,2024-11-11
Pragati Ccgt-Iii,Delhi,Ther (Gt),State,Northern,23250.66,9.117905882352941,1500.0,2550,2017-09-01,2024-11-11
Bhadradri Tpp,Telangana,Thermal,State,Southern,23092.57,2.4671549145299143,155.56730769230768,2340,2018-04-01,2024-11-11
Mahadev Prasad Stpp,Jharkhand,Thermal,Private,Eastern,23075.01,4.524511764705882,270.0,2550,2017-09-01,2024-11-11
Yamuna Nagar Tps,Haryana,Thermal,State,Northern,23024.15,4.514539215686275,300.0,2550,2017-09-01,2024-11-11
Bokaro Tps `A` Exp,Jharkhand,Thermal,Central,Eastern,22971.5,9.008431372549019,500.0,2550,2017-09-01,2024-11-11
Parli Tps,Maharashtra,Thermal,State,Western,22755.65,2.3953315789473684,239.77894736842106,2550,2017-09-01,2024-11-11
Chhabra-Ii Tpp,Rajasthan,Thermal,State,Northern,22707.16,9.907137870855149,660.0,1146,2021-09-23,2024-11-11
Tehri St-1 Hps,Uttarakhand,Hydro,Central,Northern,22217.69,8.712819607843137,1000.0,2550,2017-09-01,2024-11-11
Balco Tps,Chhatisgarh,Thermal,Private,Western,22182.72,4.349552941176471,300.0,2550,2017-09-01,2024-11-11
Panipat Tps,Haryana,Thermal,State,Northern,22150.09,2.5831008746355684,233.79008746355686,2550,2017-09-01,2024-11-11
Surat Lig. Tps,Gujarat,Thermal,Private,Western,21915.08,2.148537254901961,125.0,2550,2017-09-01,2024-11-11
Koldam,Himachal Pradesh,Hydro,Central,Northern,21602.74,8.47166274509804,800.0,2550,2017-09-01,2024-11-11
Neyveli ( Ext) Tps,Tamil Nadu,Thermal,Central,Southern,21397.79,4.195645098039216,210.0,2550,2017-09-01,2024-11-11
Mundra Tps-Iii,Gujarat,Thermal,Private,Western,21296.6,6.031322571509487,660.0,1177,2020-06-30,2023-09-19
Gandhi Nagar Tps,Gujarat,Thermal,State,Western,21224.58,2.7744549019607847,210.0,2550,2017-09-01,2024-11-11
Ratnagiri Ccpp,Maharashtra,Ther (Gt),Central,Western,21026.16,8.24555294117647,1984.1397098039215,2550,2017-09-01,2024-11-11
Paras Tps,Maharashtra,Thermal,State,Western,20830.61,4.084433333333333,250.0,2550,2017-09-01,2024-11-11
Kalinadi Hps,Karnataka,Hydro,State,Southern,20601.42,8.078988235294117,875.6647058823529,2550,2017-09-01,2024-11-11
Muzaffarpur Tps,Bihar,Thermal,Central,Eastern,19855.19,2.395655164092664,160.738416988417,2550,2017-09-01,2024-11-11
Vizag Tpp,Andhra Pradesh,Thermal,Private,Southern,19712.64,3.8652235294117645,520.0,2550,2017-09-01,2024-11-11
Tuticorin (Jv) Tpp,Tamil Nadu,Thermal,Central,Southern,19549.78,7.1245553935860055,500.0,1372,2017-09-01,2021-08-21
Gh Tps (Leh.Moh.),Punjab,Thermal,State,Northern,19300.5,1.892205882352941,230.0,2550,2017-09-01,2024-11-11
Bina Tps,Madhya Pradesh,Thermal,Private,Western,19133.98,3.7517607843137255,250.0,2550,2017-09-01,2024-11-11
Uri-I Hps,Jammu And Kashmir,Hydro,Central,Northern,19116.11,7.496513725490196,480.0,2550,2017-09-01,2024-11-11
Mettur Tps - Ii,Tamil Nadu,Thermal,State,Southern,18930.81,7.42384705882353,600.0,2550,2017-09-01,2024-11-11
Adani Power Limited Mundra Tpp - I & Ii,Gujarat,Thermal,Private,Western,18838.38,7.511315789473684,440.0,418,2023-09-21,2024-11-11
Udupi Tpp,Karnataka,Thermal,Private,Southern,18539.78,4.3500187705302675,600.0,2131,2017-09-01,2023-09-19
Salaya Tpp,Gujarat,Thermal,Private,Western,18401.33,3.608103921568628,600.0,2550,2017-09-01,2024-11-11
D.P.L. Tps,West Bengal,Thermal,State,Eastern,18232.72,3.026177593360996,248.7551867219917,2550,2017-09-01,2024-11-11
Baglihar Hps,Jammu And Kashmir,Hydro,State,Northern,18153.100000000002,7.11886274509804,450.0,2550,2017-09-01,2024-11-11
Nawapara Tpp,Chhatisgarh,Thermal,Private,Western,18084.52,3.5459843137254903,300.0,2550,2017-09-01,2024-11-11
Idukki Hps,Kerala,Hydro,State,Southern,17964.17,7.044772549019608,780.0,2550,2017-09-01,2024-11-11
Suratgarh Stps,Rajasthan,Thermal,State,Northern,17914.65,7.642768771331059,648.1740614334472,1172,2021-08-28,2024-11-11
Indira Sagar Hps,Madhya Pradesh,Hydro,Central,Western,17907.38,7.022501960784314,1000.0,2550,2017-09-01,2024-11-11
Sabarmati (D-F Stations),Gujarat,Thermal,Private,Western,17752.8,2.320627450980392,120.66666666666667,2550,2017-09-01,2024-11-11
Ntpl Tuticorin Tpp,Tamil Nadu,Thermal,Central,Southern,16977.01,7.205861629881154,500.0,1178,2021-08-22,2024-11-11
Ropar Tps,Punjab,Thermal,State,Northern,16917.25,1.4905066079295155,202.15506607929515,2550,2017-09-01,2024-11-11
Teesta V Hps,Sikkim,Hydro,Central,Eastern,16455.16,6.4530039215686275,510.0,2550,2017-09-01,2024-11-11
Seioni Tpp,Madhya Pradesh,Thermal,Private,Western,16242.11,8.667081109925293,600.0,1874,2017-09-01,2023-01-05
Nasik Tps,Maharashtra,Thermal,State,Western,15927.22,2.08198954248366,210.0,2550,2017-09-01,2024-11-11
S Sarovar Rbph Hps,Gujarat,Hydro,State,Western,15526.72,6.0889098039215686,1200.0,2550,2017-09-01,2024-11-11
Torangallu Tps(Sbu-Ii),Karnataka,Thermal,Private,Southern,15389.32,3.017513725490196,300.0,2550,2017-09-01,2024-11-11
Dulhasti Hps,Jammu And Kashmir,Hydro,Central,Northern,15301.45,6.00056862745098,390.0,2550,2017-09-01,2024-11-11
Tenughat Tps,Jharkhand,Thermal,State,Eastern,15203.73,2.981123529411765,210.0,2550,2017-09-01,2024-11-11
Uran Ccpp,Maharashtra,Ther (Gt),State,Western,15194.19,5.9585058823529415,672.0,2550,2017-09-01,2024-11-11
Wardha Warora Tpp,Maharashtra,Thermal,Private,Western,15000.23,1.4706107843137255,135.0,2550,2017-09-01,2024-11-11
Bhakra Right Hps,Himachal Pradesh,Hydro,Central,Northern,14485.18,7.821371490280778,785.0,1852,2019-08-02,2024-11-11
Bandakhar Tpp,Chhatisgarh,Thermal,Private,Western,14279.89,5.599956862745098,300.0,2550,2017-09-01,2024-11-11
Binjkote Tpp,Chhatisgarh,Thermal,Private,Western,14026.44,2.7502823529411766,287.6470588235294,2550,2017-09-01,2024-11-11
Rampur Hps,Himachal Pradesh,Hydro,Central,Northern,13760.51,5.396278431372549,412.02,2550,2017-09-01,2024-11-11
Adani Power Limited Mundra Tpp - Iii,Gujarat,Thermal,Private,Western,13313.62,10.616921850079745,660.0,418,2023-09-21,2024-11-11
Vishnu Prayag Hps,Uttarakhand,Hydro,Private,Northern,13185.89,5.17093725490196,400.0,2550,2017-09-01,2024-11-11
Neyveli Tps-Ii Exp,Tamil Nadu,Thermal,Central,Southern,13069.21,2.5625901960784314,250.0,2550,2017-09-01,2024-11-11
Barauni Tps,Bihar,Thermal,Central,Eastern,12929.46,1.5653099273607747,177.5,2065,2019-01-01,2024-11-11
Mangdechhu,Bhutan,None,None,Bhutan Imp.,12890.03,6.257296116504855,0.0,2060,2019-01-01,2024-11-11
Sikka Rep. Tps,Gujarat,Thermal,State,Western,12877.32,2.3328478260869563,230.97826086956522,2550,2017-09-01,2024-11-11
Goindwal Sahib Tpp,Punjab,Thermal,Private,Northern,12817.87,2.7283673903788848,270.0,2349,2017-09-01,2024-04-24
Bhakra Left Hps,Himachal Pradesh,Hydro,Central,Northern,12510.28,6.75501079913607,606.0032397408207,1852,2019-08-02,2024-11-11
Avantha Bhandar,Chhatisgarh,Thermal,Private,Western,12312.23,5.777677146879399,600.0,2131,2017-09-01,2023-09-19
Madras A.P.S,Tamil Nadu,Nuclear,Central,Southern,11976.24,2.3482823529411765,220.0,2550,2017-09-01,2024-11-11
Upper Indravati Hps,Odisha,Hydro,State,Eastern,11794.89,4.6254470588235295,600.0,2550,2017-09-01,2024-11-11
North Karanpura Tpp,Jharkhand,Thermal,Central,Eastern,11770.38,3.599504587155963,177.61467889908258,1645,2020-02-28,2024-11-11
Talcher (Old) Tps,Odisha,Thermal,Central,Eastern,11742.789999999999,1.2618514936600043,64.65506125080593,1551,2017-09-01,2022-03-31
Dehar Hps,Himachal Pradesh,Hydro,Central,Northern,11732.62,8.452896253602306,990.0,1388,2021-01-24,2024-11-11
Baglihar Ii Hps,Jammu And Kashmir,Hydro,State,Northern,11684.44,4.582133333333333,450.0,2550,2017-09-01,2024-11-11
Kameng Hps,Arunachal Pradesh,Hydro,Central,North Eastern,11635.7,4.563019607843137,357.8235294117647,2550,2017-09-01,2024-11-11
Kathalguri Ccpp,Assam,Ther (Gt),Central,North Eastern,11595.16,4.547121568627451,291.0,2550,2017-09-01,2024-11-11
Amaravati Tps,Maharashtra,Thermal,Private,Western,11472.2,1.9762618432385874,270.0,1161,2017-09-01,2021-01-22
Jojobera Tps,Jharkhand,Thermal,Private,Eastern,11433.8,2.1532580037664784,115.2542372881356,2550,2017-09-01,2024-11-11
Srisailam Lb Hps,Telangana,Hydro,State,Southern,11370.92,4.4591843137254905,900.0,2550,2017-09-01,2024-11-11
Amarkantak Ext Tps,Madhya Pradesh,Thermal,State,Western,11172.5,4.381372549019608,210.0,2550,2017-09-01,2024-11-11
Barsingsar Lignite,Rajasthan,Thermal,Central,Northern,11091.25,2.1747549019607844,125.0,2550,2017-09-01,2024-11-11
Ranjit Sagar Hps,Punjab,Hydro,State,Northern,11017.95,4.320764705882353,600.0,2550,2017-09-01,2024-11-11
Bandel Tps,West Bengal,Thermal,State,Eastern,10972.08,1.3987863335033146,103.61550229474757,2550,2017-09-01,2024-11-11
Adani Power Limited Kawai Tpp,Rajasthan,Thermal,Private,Northern,10907.16,13.015704057279237,660.0,419,2023-09-20,2024-11-11
Nabi Nagar Tpp,Bihar,Thermal,Central,Eastern,10892.96,2.343580034423408,157.86359724612737,1162,2017-09-01,2021-01-23
Uri-Ii Hps,Jammu And Kashmir,Hydro,Central,Northern,10596.15,4.155352941176471,240.0,2550,2017-09-01,2024-11-11
Adani Power Limited Raipur Tpp,Chhatisgarh,Thermal,Private,Western,10559.05,12.600298329355608,685.0,419,2023-09-20,2024-11-11
Chhabra-I Ph-1 Tpp,Rajasthan,Thermal,State,Northern,10414.54,4.543865619546248,250.0,1146,2021-09-23,2024-11-11
Kasaipalli Tpp,Chhatisgarh,Thermal,Private,Western,10368.91,2.0331196078431373,135.0,2550,2017-09-01,2024-11-11
Nagarjun Sgr Hps,Telangana,Hydro,State,Southern,10010.71,3.92576862745098,815.6,2550,2017-09-01,2024-11-11
Torangallu Tps(Sbu-I),Karnataka,Thermal,Private,Southern,9894.24,1.9400470588235295,130.0,2550,2017-09-01,2024-11-11
Sabarigiri Hps,Kerala,Hydro,State,Southern,9759.79,3.827368627450981,300.0,2550,2017-09-01,2024-11-11
Pragati Ccpp,Delhi,Ther (Gt),State,Northern,9505.01,3.7274549019607846,330.4,2550,2017-09-01,2024-11-11
Koyna-Iv Hps,Maharashtra,Hydro,State,Western,9226.26,3.6181411764705884,1000.0,2550,2017-09-01,2024-11-11
Baspa Hps,Himachal Pradesh,Hydro,Private,Northern,9222.46,3.6166509803921567,300.0,2550,2017-09-01,2024-11-11
Balimela Hps,Odisha,Hydro,State,Eastern,9217.54,3.614721568627451,510.0,2550,2017-09-01,2024-11-11
Neyveli Tps(Z),Tamil Nadu,Thermal,Private,Southern,9033.07,3.5423803921568626,250.0,2550,2017-09-01,2024-11-11
Vedanta Tpp,Odisha,Thermal,Private,Eastern,8878.37,7.012930489731438,526.5402843601896,1111,2021-10-28,2024-11-11
Purulia Pss Hps,West Bengal,Hydro,State,Eastern,8838.02,3.4658901960784316,900.0,2550,2017-09-01,2024-11-11
Omkareshwar Hps,Madhya Pradesh,Hydro,Central,Western,8783.98,3.444698039215686,520.0,2550,2017-09-01,2024-11-11
Telangana Stpp Ph-1,Telangana,Thermal,Central,Southern,8772.25,10.992794486215539,800.0,399,2023-10-10,2024-11-11
Dadri Ccpp,Uttar Pradesh,Ther (Gt),Central,Northern,8733.87,3.4250470588235298,829.78,2550,2017-09-01,2024-11-11
Ranganadi Hps,Arunachal Pradesh,Hydro,Central,North Eastern,8698.51,3.411180392156863,405.0,2550,2017-09-01,2024-11-11
Koteshwar Hps,Uttarakhand,Hydro,Central,Northern,8473.02,3.322752941176471,400.0,2550,2017-09-01,2024-11-11
Shrinagar Hps,Uttarakhand,Hydro,Private,Northern,8403.68,4.0695786924939465,330.0,2065,2019-01-01,2024-11-11
Bhavnagar Cfbc Tpp,Gujarat,Thermal,State,Western,8383.83,1.6438882352941175,250.0,2550,2017-09-01,2024-11-11
Dhauli Ganga Hps,Uttarakhand,Hydro,Central,Northern,8249.82,3.2352235294117646,280.0,2550,2017-09-01,2024-11-11
Kothagudem Tps,Telangana,Thermal,State,Southern,8021.51,1.2632299212598426,87.63779527559055,925,2017-09-01,2020-03-18
Srisailam Hps,Andhra Pradesh,Hydro,State,Southern,7991.59,3.133956862745098,770.0,2550,2017-09-01,2024-11-11
Chamera-I Hps,Himachal Pradesh,Hydro,Central,Northern,7902.77,5.69363832853026,540.0,1388,2021-01-24,2024-11-11
Neyveli Tps-I,Tamil Nadu,Thermal,Central,Southern,7773.53,0.7932982957444636,54.90356158791713,1229,2017-09-01,2021-03-31
Trombay Ccpp,Maharashtra,Ther (Gt),Private,Western,7741.35,3.035823529411765,180.0,2550,2017-09-01,2024-11-11
Kishanganga Hps,Jammu And Kashmir,Hydro,Central,Northern,7720.1,3.0274901960784315,303.47058823529414,2550,2017-09-01,2024-11-11
Valuthur Ccpp,Tamil Nadu,Ther (Gt),State,Southern,7696.61,3.018278431372549,186.2,2550,2017-09-01,2024-11-11
Chhabra-I Ph-2 Tpp,Rajasthan,Thermal,State,Northern,7691.1,3.355628272251309,250.0,1146,2021-09-23,2024-11-11
Kawas Ccpp,Gujarat,Ther (Gt),Central,Western,7545.89,2.959172549019608,656.2,2550,2017-09-01,2024-11-11
Varahi Hps,Karnataka,Hydro,State,Southern,7370.95,2.8905686274509805,460.0,2550,2017-09-01,2024-11-11
Unosugen Ccpp,Gujarat,Ther (Gt),Private,Western,7228.91,2.8348666666666666,382.5,2550,2017-09-01,2024-11-11
Chamera- I Hps,Himachal Pradesh,Hydro,Central,Northern,7189.17,6.186893287435456,540.0,1162,2017-09-01,2021-01-23
Chamera-Iii Hps,Himachal Pradesh,Hydro,Central,Northern,6883.75,2.699509803921569,231.0,2550,2017-09-01,2024-11-11
S Sarovar Chph Hps,Gujarat,Hydro,State,Western,6759.96,2.650964705882353,250.0,2550,2017-09-01,2024-11-11
Ramgarh Ccpp,Rajasthan,Ther (Gt),State,Northern,6752.09,2.647878431372549,273.69376470588236,2550,2017-09-01,2024-11-11
Shri Singhaji Tpp,Madhya Pradesh,Thermal,State,Western,6667.98,4.931937869822485,393.1952662721894,443,2017-09-01,2018-11-19
Adani Power Limited Udupi Tpp,Karnataka,Thermal,Private,Southern,6462.67,7.712016706443914,600.0,419,2023-09-20,2024-11-11
Koyna-I&Ii Hps,Maharashtra,Hydro,State,Western,6415.96,3.1070024213075063,600.0,2065,2019-01-01,2024-11-11
Hiranmaye Tpp,West Bengal,Thermal,Private,Eastern,6363.82,0.899988686183001,99.63937208315656,2357,2018-03-15,2024-11-11
Mukerian-I Hps,Punjab,Hydro,State,Northern,6219.71,3.0119661016949153,45.0,2065,2019-01-01,2024-11-11
Bansagar Tons-I Hps,Madhya Pradesh,Hydro,State,Western,6191.68,2.428109803921569,315.0,2550,2017-09-01,2024-11-11
Seioni Tpp,Madhya Pradesh,Thermal,Central,Western,6142.65,9.086760355029586,600.0,676,2023-01-06,2024-11-11
Lower Sileru Hps,Andhra Pradesh,Hydro,State,Southern,6024.93,2.8868854815524676,460.0,2087,2018-12-10,2024-11-11
Dehar H P S,Himachal Pradesh,Hydro,State,Northern,6019.02,8.623237822349571,990.0,698,2017-09-01,2019-08-01
Bhakra H P S,Himachal Pradesh,Hydro,State,Northern,5976.79,12.323278350515464,1338.6948453608247,485,2017-09-01,2018-12-31
Chibro (Yamuna) Hps,Uttarakhand,Hydro,State,Northern,5931.32,2.326007843137255,240.0,2550,2017-09-01,2024-11-11
Gandhar Ccpp,Gujarat,Ther (Gt),Central,Western,5876.72,2.3045960784313726,657.39,2550,2017-09-01,2024-11-11
Pong Hps,Himachal Pradesh,Hydro,Central,Northern,5792.22,4.17909090909091,396.0,1386,2021-01-26,2024-11-11
Rengali Hps,Odisha,Hydro,State,Eastern,5770.19,2.262819607843137,250.0,2550,2017-09-01,2024-11-11
Sterlite Tpp,Odisha,Thermal,Private,Eastern,5768.94,1.74922377198302,511.0369921164342,1439,2017-09-01,2021-10-27
Tuticorin Tpp St-Iv,Tamil Nadu,Thermal,Private,Southern,5653.87,4.273522297808012,418.25396825396825,1323,2021-03-30,2024-11-11
Simhapuri Tps,Andhra Pradesh,Thermal,Private,Southern,5540.9,0.5432254901960784,150.0,2550,2017-09-01,2024-11-11
Agartala Gt,Tripura,Ther (Gt),Central,North Eastern,5294.54,2.0762901960784315,135.0,2550,2017-09-01,2024-11-11
Chukha,Bhutan,None,None,Bhutan Imp.,5283.57,2.0719882352941177,0.0,2550,2017-09-01,2024-11-11
Kutch Lig. Tps,Gujarat,Thermal,State,Western,5283.24,0.6990261974067213,72.11431595660227,2550,2017-09-01,2024-11-11
Chilla Hps,Uttarakhand,Hydro,State,Northern,5233.63,2.0524039215686276,144.0,2550,2017-09-01,2024-11-11
Chamera-Ii Hps,Himachal Pradesh,Hydro,Central,Northern,5168.88,3.723976945244957,300.0,1388,2021-01-24,2024-11-11
Vijjeswaram Ccpp,Andhra Pradesh,Ther (Gt),Private,Southern,5133.82,2.013262745098039,272.0,2550,2017-09-01,2024-11-11
Maneri Bhali-Ii Hps,Uttarakhand,Hydro,State,Northern,5127.33,3.6940417867435156,304.0,1388,2021-01-24,2024-11-11
Akrimota Lig Tps,Gujarat,Thermal,State,Western,4988.29,0.9780960784313726,125.0,2550,2017-09-01,2024-11-11
Teesta Low Dam-Iv Hps,West Bengal,Hydro,Central,Eastern,4940.38,1.9374039215686274,160.0,2550,2017-09-01,2024-11-11
Adani Power Limited Raigarh Tpp,Chhatisgarh,Thermal,Private,Western,4876.06,11.637374701670645,600.0,419,2023-09-20,2024-11-11
Hirakud Hps,Odisha,Hydro,State,Eastern,4871.59,1.9104274509803922,280.34282352941176,2550,2017-09-01,2024-11-11
Upper Kolab Hps,Odisha,Hydro,State,Eastern,4630.66,1.8159450980392156,320.0,2550,2017-09-01,2024-11-11
Monarchak Ccpp,Tripura,Ther (Gt),Central,North Eastern,4616.56,1.81041568627451,101.0,2550,2017-09-01,2024-11-11
Allain Duhangan Hps,Himachal Pradesh,Hydro,Private,Northern,4537.42,1.7793803921568627,192.0,2550,2017-09-01,2024-11-11
Ratija Tps,Chhatisgarh,Thermal,Private,Western,4500.63,0.8824764705882353,50.0,2550,2017-09-01,2024-11-11
Machkund Hps,Odisha,Hydro,State,Eastern,4314.28,1.6918745098039214,114.75,2550,2017-09-01,2024-11-11
Butibori Tpp,Maharashtra,Thermal,Private,Western,4291.44,0.8414588235294117,300.0,2550,2017-09-01,2024-11-11
Periyar Hps,Tamil Nadu,Hydro,State,Southern,4244.71,1.664592156862745,161.0,2550,2017-09-01,2024-11-11
Ukai Hps,Gujarat,Hydro,State,Western,4236.85,1.6615098039215688,300.0,2550,2017-09-01,2024-11-11
Lower Periyar Hps,Kerala,Hydro,State,Southern,4208.73,1.6504823529411763,180.0,2550,2017-09-01,2024-11-11
Sanjay Hps,Himachal Pradesh,Hydro,State,Northern,4136.11,1.6220039215686273,120.0,2550,2017-09-01,2024-11-11
Kondapalli Ccpp,Andhra Pradesh,Ther (Gt),Private,Southern,4125.51,1.6178470588235294,361.9795137254902,2550,2017-09-01,2024-11-11
Maneri Bhali - Ii Hps,Uttarakhand,Hydro,State,Northern,4120.36,3.54592082616179,304.0,1162,2017-09-01,2021-01-23
Parbati-Iii Hps,Himachal Pradesh,Hydro,Central,Northern,4118.74,1.615192156862745,520.0,2550,2017-09-01,2024-11-11
Koyna-Iii Hps,Maharashtra,Hydro,State,Western,4104.78,1.6097176470588235,320.0,2550,2017-09-01,2024-11-11
Rihand Hps,Uttar Pradesh,Hydro,State,Northern,4073.27,1.5973607843137254,300.0,2550,2017-09-01,2024-11-11
Korba-Iii,Chhatisgarh,Thermal,State,Western,4070.13,1.6558706265256307,111.89585028478437,1229,2017-09-01,2021-03-31
Dhuvaran Ccpp,Gujarat,Ther (Gt),State,Western,3883.47,1.5229294117647059,594.72,2550,2017-09-01,2024-11-11
Bhira Pss Hps,Maharashtra,Hydro,Private,Western,3882.99,1.522741176470588,150.0,2550,2017-09-01,2024-11-11
Almatti Dph Hps,Karnataka,Hydro,State,Southern,3860.71,1.5140039215686274,290.0,2550,2017-09-01,2024-11-11
Dgen Mega Ccpp,Gujarat,Ther (Gt),Private,Western,3797.61,1.4892588235294117,1200.0,2550,2017-09-01,2024-11-11
Kashipur Ccpp,Uttarakhand,Ther (Gt),Private,Northern,3777.45,2.0039522546419097,225.0,1885,2017-09-01,2023-01-16
Dehar H P S,Himachal Pradesh,Hydro,Central,Northern,3776.69,8.139418103448277,990.0,464,2019-08-02,2021-01-23
Kundah-Ii Hps,Tamil Nadu,Hydro,State,Southern,3714.2,1.79864406779661,175.0,2065,2019-01-01,2024-11-11
Bela Tps,Maharashtra,Thermal,Private,Western,3691.13,1.4475019607843138,270.0,2550,2017-09-01,2024-11-11
Loktak Hps,Manipur,Hydro,Central,North Eastern,3618.47,1.4190078431372548,105.0,2550,2017-09-01,2024-11-11
Larji Hps,Himachal Pradesh,Hydro,State,Northern,3618.38,1.418972549019608,126.0,2550,2017-09-01,2024-11-11
Pipavav Ccpp,Gujarat,Ther (Gt),State,Western,3597.7400000000002,1.410878431372549,702.0,2550,2017-09-01,2024-11-11
Chamera- Ii Hps,Himachal Pradesh,Hydro,Central,Northern,3578.43,3.0795438898450946,300.0,1162,2017-09-01,2021-01-23
Auraiya Ccpp,Uttar Pradesh,Ther (Gt),Central,Northern,3542.39,1.3891725490196078,663.36,2550,2017-09-01,2024-11-11
Namrup Ccpp,Assam,Ther (Gt),State,North Eastern,3536.89,1.3870156862745098,155.67892156862746,2550,2017-09-01,2024-11-11
Teesta Low Dam-Iii Hps,West Bengal,Hydro,Central,Eastern,3522.82,1.3814980392156864,132.0,2550,2017-09-01,2024-11-11
Tanakpur Hps,Uttarakhand,Hydro,Central,Northern,3487.61,1.3676901960784313,94.2,2550,2017-09-01,2024-11-11
Utran Ccpp,Gujarat,Ther (Gt),State,Western,3465.73,1.3591098039215685,374.0,2550,2017-09-01,2024-11-11
Gerusuppa Hps,Karnataka,Hydro,State,Southern,3414.52,1.339027450980392,240.0,2550,2017-09-01,2024-11-11
Kalinadi Supa Hps,Karnataka,Hydro,State,Southern,3401.34,1.3338588235294118,100.0,2550,2017-09-01,2024-11-11
Baira Siul Hps,Himachal Pradesh,Hydro,Central,Northern,3367.68,1.3206588235294117,180.0,2550,2017-09-01,2024-11-11
Chuzachen Hps,Sikkim,Hydro,Private,Eastern,3328.75,1.3053921568627451,109.62039215686275,2550,2017-09-01,2024-11-11
Jegurupadu Ccpp Ph I,Andhra Pradesh,Ther (Gt),State,Southern,3327.5099999999998,1.3049058823529411,235.4,2550,2017-09-01,2024-11-11
Upper Sileru Hps,Andhra Pradesh,Hydro,State,Southern,3325.24,1.3040156862745098,240.0,2550,2017-09-01,2024-11-11
Kuttalam Ccpp,Tamil Nadu,Ther (Gt),State,Southern,3179.0099999999998,1.246670588235294,100.0,2550,2017-09-01,2024-11-11
Lakwa Gt,Assam,Ther (Gt),State,North Eastern,3173.21,1.2443960784313726,101.06470588235294,2550,2017-09-01,2024-11-11
Kopili Hps,Assam,Hydro,Central,North Eastern,3157.74,1.238329411764706,204.45098039215685,2550,2017-09-01,2024-11-11
Ganguwal Hps,Punjab,Hydro,Central,Northern,3110.88,1.6797408207343414,77.65,1852,2019-08-02,2024-11-11
Kotla Hps,Punjab,Hydro,Central,Northern,3105.23,1.6766900647948164,77.65,1852,2019-08-02,2024-11-11
Bhira Hps,Maharashtra,Hydro,Private,Western,3100.62,1.215929411764706,150.0,2550,2017-09-01,2024-11-11
Faridabad Ccpp,Haryana,Ther (Gt),Central,Northern,3079.92,1.2078117647058824,431.59,2550,2017-09-01,2024-11-11
Pong H P S,Himachal Pradesh,Hydro,State,Northern,3060.74,4.385014326647564,396.0,698,2017-09-01,2019-08-01
Sainj Hps,Himachal Pradesh,Hydro,State,Northern,3059.65,1.1998627450980393,100.0,2550,2017-09-01,2024-11-11
Shanan Hps,Himachal Pradesh,Hydro,State,Northern,2995.45,1.4203176861071598,110.0,2109,2018-11-18,2024-11-11
Pare,Arunachal Pradesh,Hydro,Central,North Eastern,2989.63,1.1724039215686275,98.3529411764706,2550,2017-09-01,2024-11-11
Tashiding Hps,Sikkim,Hydro,Private,Eastern,2966.84,1.1948610551751913,97.0,2483,2017-11-09,2024-11-11
Jorethang Loop,Sikkim,Hydro,Private,Eastern,2956.36,1.159356862745098,96.0,2550,2017-09-01,2024-11-11
Mettur Tunnel Hps,Tamil Nadu,Hydro,State,Southern,2938.49,1.152349019607843,200.0,2550,2017-09-01,2024-11-11
Dikchu Hps,Sikkim,Hydro,Private,Eastern,2926.47,1.147635294117647,96.0,2550,2017-09-01,2024-11-11
Lakwa Replacement Power Project,Assam,Ther (Gt),State,North Eastern,2858.1,1.334936945352639,69.76,2141,2018-09-02,2024-11-11
Sewa-Ii Hps,Jammu And Kashmir,Hydro,Central,Northern,2837.31,1.112670588235294,120.0,2550,2017-09-01,2024-11-11
Lower Jhelum Hps,Jammu And Kashmir,Hydro,State,Northern,2828.87,1.1093607843137254,105.0,2550,2017-09-01,2024-11-11
I.P.Ccpp,Delhi,Ther (Gt),State,Northern,2805.95,1.1003725490196077,270.0,2550,2017-09-01,2024-11-11
Khodri Hps,Uttarakhand,Hydro,State,Northern,2762.69,1.083407843137255,120.0,2550,2017-09-01,2024-11-11
Karbi Langpi Hps,Assam,Hydro,State,North Eastern,2744.56,1.0762980392156862,100.0,2550,2017-09-01,2024-11-11
Myntdu(Leshka) St-1 Hps,Meghalaya,Hydro,State,North Eastern,2718.87,1.0662235294117646,126.0,2550,2017-09-01,2024-11-11
Bargi Hps,Madhya Pradesh,Hydro,State,Western,2698.88,1.0583843137254902,90.0,2550,2017-09-01,2024-11-11
Godavari Ccpp,Andhra Pradesh,Ther (Gt),Private,Southern,2682.82,1.052086274509804,208.0,2550,2017-09-01,2024-11-11
Southern Repl. Tps,West Bengal,Thermal,Private,Eastern,2668.74,0.5232823529411764,67.5,2550,2017-09-01,2024-11-11
Pykara Ultmate Hps,Tamil Nadu,Hydro,State,Southern,2654.26,1.040886274509804,150.0,2550,2017-09-01,2024-11-11
Kadra Hps,Karnataka,Hydro,State,Southern,2584.76,1.0136313725490196,150.0,2550,2017-09-01,2024-11-11
Jog Hps,Karnataka,Hydro,State,Southern,2546.92,0.9987921568627451,139.2,2550,2017-09-01,2024-11-11
Anta Ccpp,Rajasthan,Ther (Gt),Central,Northern,2542.33,0.9969921568627451,419.33,2550,2017-09-01,2024-11-11
Kodasali Hps,Karnataka,Hydro,State,Southern,2497.99,0.9796039215686274,120.0,2550,2017-09-01,2024-11-11
Durgapur Tps,West Bengal,Thermal,Central,Eastern,2483.89,1.2679377233282285,202.06738131699848,1959,2017-09-01,2023-03-31
Kuttiyadi Addl Extn,Kerala,Hydro,State,Southern,2420.3,0.9491372549019609,100.0,2550,2017-09-01,2024-11-11
Gama Ccpp,Uttarakhand,Ther (Gt),Private,Northern,2406.84,0.9438588235294119,225.0,2550,2017-09-01,2024-11-11
Rokhia Gt,Tripura,Ther (Gt),State,North Eastern,2389.88,0.9372078431372549,93.04862745098039,2550,2017-09-01,2024-11-11
Rangit Hps,Sikkim,Hydro,Central,Eastern,2315.07,0.9078705882352942,60.0,2550,2017-09-01,2024-11-11
Lower Jurala Hps,Telangana,Hydro,State,Southern,2311.62,0.9065176470588235,240.0,2550,2017-09-01,2024-11-11
Kundah-Iii Hps,Tamil Nadu,Hydro,State,Southern,2307.43,1.1173995157384986,180.0,2065,2019-01-01,2024-11-11
Khopoli Hps,Maharashtra,Hydro,Private,Western,2306.56,0.9045333333333333,72.0,2550,2017-09-01,2024-11-11
Kadana Hps,Gujarat,Hydro,State,Western,2296.57,0.9006156862745098,240.0,2550,2017-09-01,2024-11-11
Bhivpuri Hps,Maharashtra,Hydro,Private,Western,2291.92,0.8987921568627452,75.0,2550,2017-09-01,2024-11-11
Kadampari Hps,Tamil Nadu,Hydro,State,Southern,2257.93,0.8854627450980391,400.0,2550,2017-09-01,2024-11-11
Malana-Ii Hps,Himachal Pradesh,Hydro,Private,Northern,2233.05,0.8757058823529412,100.0,2550,2017-09-01,2024-11-11
Priyadarshni Jurala Hps,Telangana,Hydro,State,Southern,2229.15,0.8741764705882353,234.0,2550,2017-09-01,2024-11-11
Hasdeobango Hps,Chhatisgarh,Hydro,State,Western,2219.21,0.870278431372549,120.0,2550,2017-09-01,2024-11-11
Hazira Ccpp Ext,Gujarat,Ther (Gt),State,Western,2205.61,0.8649450980392157,351.0,2550,2017-09-01,2024-11-11
Khara Hps,Uttar Pradesh,Hydro,State,Northern,2189.7,0.8587058823529411,72.0,2550,2017-09-01,2024-11-11
Kurichu,Bhutan,None,None,Bhutan Imp.,2181.08,0.8553254901960784,0.0,2550,2017-09-01,2024-11-11
Idamalayar Hps,Kerala,Hydro,State,Southern,2180.33,0.8550313725490196,75.0,2550,2017-09-01,2024-11-11
Karuppur Ccpp,Tamil Nadu,Ther (Gt),Private,Southern,2167.07,0.8498313725490196,119.80005490196079,2550,2017-09-01,2024-11-11
Malana Hps,Himachal Pradesh,Hydro,Private,Northern,2165.05,0.8490392156862746,86.0,2550,2017-09-01,2024-11-11
Ramagundem-B Tps,Telangana,Thermal,State,Southern,2165.03,0.8490313725490197,62.5,2550,2017-09-01,2024-11-11
Barh I,Bihar,Thermal,Central,Eastern,2151.61,0.8707446377984622,65.97329016592472,1688,2017-09-01,2022-07-03
Pong H P S,Himachal Pradesh,Hydro,Central,Northern,2144.58,4.602103004291846,396.0,466,2019-08-02,2021-01-25
Bassi Hps,Himachal Pradesh,Hydro,State,Northern,2142.59,0.8402313725490197,66.0,2550,2017-09-01,2024-11-11
Nariamanglam Hps,Kerala,Hydro,State,Southern,2010.95,0.788607843137255,52.045980392156864,2550,2017-09-01,2024-11-11
Jawahar Sagar Hps,Rajasthan,Hydro,State,Northern,2000.9,0.7846666666666667,99.0,2550,2017-09-01,2024-11-11
Iccl Imp,Odisha,Thermal,Private,Eastern,1995.58,0.7825803921568627,0.0,2550,2017-09-01,2024-11-11
Pench Hps,Maharashtra,Hydro,State,Western,1963.86,0.931180654338549,160.0,2109,2018-11-18,2024-11-11
Ramganga Hps,Uttarakhand,Hydro,State,Northern,1957.89,0.7678,198.0,2550,2017-09-01,2024-11-11
Budhil Hps,Himachal Pradesh,Hydro,Private,Northern,1949.83,0.7646392156862745,70.0,2550,2017-09-01,2024-11-11
Opg Power Generation Private Limited,Tamil Nadu,Thermal,Private,Southern,1926.79,1.7096628216503993,103.4321206743567,282,2024-02-04,2024-11-11
Goindwal Sahib Tpp,Punjab,Thermal,State,Northern,1925.9,4.7907960199004975,270.0,201,2024-04-25,2024-11-11
Niwari Tpp,Madhya Pradesh,Thermal,Private,Western,1895.88,0.37174117647058824,39.12352941176471,2550,2017-09-01,2024-11-11
Sholayar Hps (Tn),Tamil Nadu,Hydro,State,Southern,1886.3,0.783672621520565,73.23016202742002,2407,2018-01-24,2024-11-11
R P Sagar Hps,Rajasthan,Hydro,State,Northern,1860.19,0.729486274509804,172.0,2550,2017-09-01,2024-11-11
Kundah Hps,Tamil Nadu,Hydro,State,Southern,1853.01,3.820639175257732,555.0,485,2017-09-01,2018-12-31
Kundarki Tps,Uttar Pradesh,Thermal,Private,Northern,1840.3,0.36084313725490197,45.0,2550,2017-09-01,2024-11-11
Bhakra Right Hps,Himachal Pradesh,Hydro,State,Northern,1835.49,8.617323943661972,785.0,213,2019-01-01,2019-08-01
Chiplima Hps,Odisha,Hydro,State,Eastern,1807.25,0.7087254901960784,72.0,2550,2017-09-01,2024-11-11
Srinagar Hps,Uttarakhand,Hydro,Private,Northern,1772.55,3.654742268041237,330.0,485,2017-09-01,2018-12-31
Kuttiyadi Hps,Kerala,Hydro,State,Southern,1770.86,0.6944549019607843,84.50980392156863,2550,2017-09-01,2024-11-11
Sivasamundrum Hps,Karnataka,Hydro,State,Southern,1762.48,0.6911686274509804,42.0,2550,2017-09-01,2024-11-11
Bajoli Holi Hps,Himachal Pradesh,Hydro,Private,Northern,1760.51,1.0702188449848025,104.38905775075987,1645,2020-02-28,2024-11-11
Mukerian Hps,Punjab,Hydro,State,Northern,1751.45,3.611237113402062,207.0,485,2017-09-01,2018-12-31
Utraula Tps,Uttar Pradesh,Thermal,Private,Northern,1739.52,0.34108235294117645,45.0,2550,2017-09-01,2024-11-11
Maneri Bhali-I Hps,Uttarakhand,Hydro,State,Northern,1737.46,1.2517723342939482,90.0,1388,2021-01-24,2024-11-11
Badarpur Tps,Delhi,Thermal,Central,Northern,1723.98,0.5996452173913044,104.46260869565218,575,2017-09-01,2019-03-31
Karaikal Ccpp,Puducherry,Ther (Gt),State,Southern,1667.23,0.6538156862745098,32.5,2550,2017-09-01,2024-11-11
Obra Hps,Uttar Pradesh,Hydro,State,Northern,1666.03,0.6533450980392157,99.0,2550,2017-09-01,2024-11-11
Sholayar Hps,Kerala,Hydro,State,Southern,1656.66,0.6496705882352941,54.0,2550,2017-09-01,2024-11-11
Rammam Hps,West Bengal,Hydro,State,Eastern,1633.5,0.6405882352941177,50.0,2550,2017-09-01,2024-11-11
Maqsoodpur Tps,Uttar Pradesh,Thermal,Private,Northern,1624.93,0.31861372549019606,45.0,2550,2017-09-01,2024-11-11
Barkhera Tps,Uttar Pradesh,Thermal,Private,Northern,1621.82,0.31800392156862745,45.0,2550,2017-09-01,2024-11-11
Liganamakki Hps,Karnataka,Hydro,State,Southern,1602.74,0.6285254901960784,55.0,2550,2017-09-01,2024-11-11
Gandhi Sagar Hps,Madhya Pradesh,Hydro,State,Western,1598.62,0.6269098039215686,115.0,2550,2017-09-01,2024-11-11
Bhakra Left Hps,Himachal Pradesh,Hydro,State,Northern,1559.72,7.3226291079812205,594.0,213,2019-01-01,2019-08-01
Khatima Hps,Uttarakhand,Hydro,State,Northern,1556.23,0.6102862745098039,41.4,2550,2017-09-01,2024-11-11
Khambarkhera Tps,Uttar Pradesh,Thermal,Private,Northern,1541.0,0.30215686274509806,45.0,2550,2017-09-01,2024-11-11
Kakkad Hps,Kerala,Hydro,State,Southern,1496.03,0.586678431372549,50.0,2550,2017-09-01,2024-11-11
Jawaharpur Stpp,Uttar Pradesh,Thermal,State,Northern,1492.65,0.7702012383900929,83.09597523219814,1323,2021-03-30,2024-11-11
Giri Bata Hps,Himachal Pradesh,Hydro,State,Northern,1491.65,0.5849607843137256,60.0,2550,2017-09-01,2024-11-11
Dhalipur Hps,Uttarakhand,Hydro,State,Northern,1489.74,0.5842117647058823,51.0,2550,2017-09-01,2024-11-11
Lower Sileru Hps,Telangana,Hydro,State,Southern,1483.59,3.2042980561555074,460.0,463,2017-09-01,2018-12-09
Anandpur Sahib-I Hps,Punjab,Hydro,State,Northern,1480.72,0.7170556900726393,67.0,2065,2019-01-01,2024-11-11
Anandpur Sahib-Ii Hps,Punjab,Hydro,State,Northern,1444.32,0.6994285714285714,67.0,2065,2019-01-01,2024-11-11
Shirpur Tpp,Maharashtra,Thermal,Private,Western,1402.44,0.28827132579650566,87.22507708119218,2525,2017-09-26,2024-11-11
Chakabura Tpp,Chhatisgarh,Thermal,Private,Western,1393.71,0.2732764705882353,15.0,2550,2017-09-01,2024-11-11
Rongnichu Hps,Sikkim,Hydro,Private,Eastern,1392.32,0.8463951367781155,84.49240121580547,1645,2020-02-28,2024-11-11
Pulichintala Hps,Telangana,Hydro,State,Southern,1386.75,0.5438235294117647,113.84705882352941,2550,2017-09-01,2024-11-11
Kundah-I Hps,Tamil Nadu,Hydro,State,Southern,1382.52,0.669501210653753,60.0,2065,2019-01-01,2024-11-11
Doyang Hps,Nagaland,Hydro,Central,North Eastern,1369.86,0.5372,75.0,2550,2017-09-01,2024-11-11
Baramura Gt,Tripura,Ther (Gt),State,North Eastern,1367.0,0.5360784313725491,49.81,2550,2017-09-01,2024-11-11
Upper Sindh-Ii Hps,Jammu And Kashmir,Hydro,State,Northern,1356.3,0.5318823529411765,105.0,2550,2017-09-01,2024-11-11
New Umtru Hps,Meghalaya,Hydro,State,North Eastern,1336.42,0.5240862745098039,40.0,2550,2017-09-01,2024-11-11
Singoli Bhatwari Hps,Uttarakhand,Hydro,Private,Northern,1315.71,0.5622692307692307,59.27307692307692,2340,2018-04-01,2024-11-11
Jaldhaka Hps St-I,West Bengal,Hydro,State,Eastern,1275.48,0.5001882352941176,36.0,2550,2017-09-01,2024-11-11
Maneri Bhali - I Hps,Uttarakhand,Hydro,State,Northern,1243.55,1.0701807228915663,90.0,1162,2017-09-01,2021-01-23
Kovikalpal Ccpp,Tamil Nadu,Ther (Gt),State,Southern,1238.39,0.485643137254902,107.88,2550,2017-09-01,2024-11-11
Poringalkuttu Hps,Kerala,Hydro,State,Southern,1231.47,0.4829294117647059,32.0,2550,2017-09-01,2024-11-11
Tuirial Hps,Mizoram,Hydro,Central,North Eastern,1226.4,0.48094117647058826,58.96470588235294,2550,2017-09-01,2024-11-11
Umiam Hps St-Iv,Meghalaya,Hydro,State,North Eastern,1199.68,0.47046274509803926,60.0,2550,2017-09-01,2024-11-11
Panniar Hps,Kerala,Hydro,State,Southern,1196.61,0.46925882352941173,30.0,2550,2017-09-01,2024-11-11
Shree Cement Ltd Tps,Rajasthan,Thermal,Private,Northern,1140.65,1.3263372093023258,150.0,430,2023-09-09,2024-11-11
Kotla Hps,Punjab,Hydro,State,Northern,1138.5,1.6310888252148996,77.65,698,2017-09-01,2019-08-01
Pallivasal Hps,Kerala,Hydro,State,Southern,1123.33,0.44052156862745095,37.5,2550,2017-09-01,2024-11-11
Valantarvy Ccpp,Tamil Nadu,Ther (Gt),Private,Southern,1121.8,0.43992156862745097,52.8,2550,2017-09-01,2024-11-11
Ganguwal Hps,Punjab,Hydro,State,Northern,1121.19,1.6062893982808024,77.65,698,2017-09-01,2019-08-01
Kashang Integrated Hep,Himachal Pradesh,Hydro,State,Northern,1121.08,0.43963921568627445,195.0,2550,2017-09-01,2024-11-11
Koyna Dph Hps,Maharashtra,Hydro,State,Western,1117.11,0.4380823529411764,36.0,2550,2017-09-01,2024-11-11
Nagarjun Sgr Rbc Hps,Andhra Pradesh,Hydro,State,Southern,1110.36,0.43543529411764703,90.0,2550,2017-09-01,2024-11-11
Nimmo Bazgo Hps,Ladakh,Hydro,Central,Northern,1103.65,0.65615338882283,45.0,1682,2020-01-22,2024-11-11
T B Dam Hps,Karnataka,Hydro,State,Southern,1083.04,0.424721568627451,36.0,2550,2017-09-01,2024-11-11
Utkal Tpp (Ind Barath),Odisha,Thermal,Private,Eastern,1058.11,0.20747254901960782,175.0,2550,2017-09-01,2024-11-11
Chanju-I Hps,Himachal Pradesh,Hydro,Private,Northern,1048.61,0.4112196078431372,35.91529411764706,2550,2017-09-01,2024-11-11
Kulhal Hps,Uttarakhand,Hydro,State,Northern,1032.28,0.4048156862745098,30.0,2550,2017-09-01,2024-11-11
Dhakrani Hps,Uttarakhand,Hydro,State,Northern,998.71,0.3916509803921569,33.75,2550,2017-09-01,2024-11-11
Bokaro `B` Tps,Jharkhand,Thermal,Central,Eastern,998.17,0.5064282090309488,139.36073059360731,1551,2017-09-01,2022-03-31
Panchet Hps,Jharkhand,Hydro,Central,Eastern,991.62,0.38887058823529413,80.0,2550,2017-09-01,2024-11-11
Mettur Dam Hps,Tamil Nadu,Hydro,State,Southern,990.46,0.38841568627450984,50.0,2550,2017-09-01,2024-11-11
Sorang Hps,Himachal Pradesh,Hydro,Private,Northern,985.68,0.3865411764705882,44.705882352941174,2550,2017-09-01,2024-11-11
Sravanthi Ccpp,Uttarakhand,Ther (Gt),Private,Northern,972.9,1.4630075187969924,371.74285714285713,665,2023-01-17,2024-11-11
Kodayar-I Hps,Tamil Nadu,Hydro,State,Southern,964.0,0.4668280871670702,60.0,2065,2019-01-01,2024-11-11
Sengulam Hps,Kerala,Hydro,State,Southern,963.07,0.3776745098039216,48.0,2550,2017-09-01,2024-11-11
Thamminapatnam Tps,Andhra Pradesh,Thermal,Private,Southern,948.61,0.09300098039215686,75.0,2550,2017-09-01,2024-11-11
Nalco Imp,Odisha,Thermal,Private,Eastern,942.65,0.36966666666666664,0.0,2550,2017-09-01,2024-11-11
Ghatghar Pss Hps,Maharashtra,Hydro,State,Western,937.93,0.3678156862745098,250.0,2550,2017-09-01,2024-11-11
Kyrdemkulai Hps,Meghalaya,Hydro,State,North Eastern,914.58,0.3586588235294118,60.0,2550,2017-09-01,2024-11-11
Vaitarna Hps,Maharashtra,Hydro,State,Western,907.34,0.35581960784313726,60.0,2550,2017-09-01,2024-11-11
Papanasam Hps,Tamil Nadu,Hydro,State,Southern,907.22,0.35577254901960786,32.0,2550,2017-09-01,2024-11-11
Vyasi Hps,Uttarakhand,Hydro,State,Northern,904.18,0.38640170940170937,45.02564102564103,2340,2018-04-01,2024-11-11
Mahi Bajaj-I Hps,Rajasthan,Hydro,State,Northern,890.83,0.4313946731234867,50.0,2065,2019-01-01,2024-11-11
And. Nicobar Dg,Andaman And Nicobar Islands,Ther (Dg),State,Eastern,884.61,0.3469058823529412,45.23619215686274,2550,2017-09-01,2024-11-11
Sawra Kuddu Hps,Himachal Pradesh,Hydro,State,Northern,883.8,0.4279903147699758,74.17917675544794,2065,2019-01-01,2024-11-11
Svpl Tpp,Chhatisgarh,Thermal,Private,Western,861.88,0.3379921568627451,63.0,2550,2017-09-01,2024-11-11
Kuttiyadi Extn Hps,Kerala,Hydro,State,Southern,851.89,0.4125375302663438,50.0,2065,2019-01-01,2024-11-11
Kundah-Iv Hps,Tamil Nadu,Hydro,State,Southern,845.02,0.4092106537530266,100.0,2065,2019-01-01,2024-11-11
Chutak Hps,Ladakh,Hydro,Central,Northern,817.84,0.486230677764566,44.0,1682,2020-01-22,2024-11-11
Sarkarpathy Hps,Tamil Nadu,Hydro,State,Southern,800.18,0.3137960784313725,30.0,2550,2017-09-01,2024-11-11
Moyar Hps,Tamil Nadu,Hydro,State,Southern,787.21,0.30870980392156866,36.0,2550,2017-09-01,2024-11-11
Maithon Hps,West Bengal,Hydro,Central,Eastern,783.37,0.37571702637889687,63.2,2085,2018-12-12,2024-11-11
Umiam Hps St-I,Meghalaya,Hydro,State,North Eastern,771.3100000000001,0.3024745098039216,36.0,2550,2017-09-01,2024-11-11
Madhikhera Hps,Madhya Pradesh,Hydro,State,Western,770.52,0.30216470588235295,60.0,2550,2017-09-01,2024-11-11
Gipcl. Gt Imp,Gujarat,Ther (Gt),Private,Western,750.35,0.2942549019607843,0.0,2550,2017-09-01,2024-11-11
Bansagar-Iii Hps,Madhya Pradesh,Hydro,State,Western,728.1999999999999,0.352639225181598,60.0,2065,2019-01-01,2024-11-11
Matatila Hps,Uttar Pradesh,Hydro,State,Northern,723.21,0.28361176470588234,30.6,2550,2017-09-01,2024-11-11
Koyna-Ii Hps,Maharashtra,Hydro,State,Western,714.7,1.4736082474226806,320.0,485,2017-09-01,2018-12-31
Koyna-I Hps,Maharashtra,Hydro,State,Western,708.5600000000001,1.4609484536082475,280.0,485,2017-09-01,2018-12-31
Rajghat Hps,Madhya Pradesh,Hydro,State,Western,694.9,0.2725098039215686,45.0,2550,2017-09-01,2024-11-11
Tillari Hps,Maharashtra,Hydro,State,Western,689.87,0.2705372549019608,60.0,2550,2017-09-01,2024-11-11
Aliyar Hps,Tamil Nadu,Hydro,State,Southern,678.97,0.2662627450980392,60.0,2550,2017-09-01,2024-11-11
Bhira Tail Race Hps,Maharashtra,Hydro,State,Western,678.65,0.2661372549019608,80.0,2550,2017-09-01,2024-11-11
Bhawani Kattal,Tamil Nadu,Hydro,State,Southern,661.25,0.2593137254901961,30.0,2550,2017-09-01,2024-11-11
Anandpur Sahib Hps,Punjab,Hydro,State,Northern,640.38,1.3203711340206186,134.0,485,2017-09-01,2018-12-31
Munirabad Hps,Karnataka,Hydro,State,Southern,632.23,0.24793333333333334,28.0,2550,2017-09-01,2024-11-11
Nagarjun Sgr Lbc Hps,Telangana,Hydro,State,Southern,630.89,0.2474078431372549,60.0,2550,2017-09-01,2024-11-11
Peguthan Ccpp,Gujarat,Ther (Gt),Private,Western,617.52,0.24216470588235292,655.0,2550,2017-09-01,2024-11-11
Bhawani Barrage-Ii Hps,Tamil Nadu,Hydro,State,Southern,571.5,0.22411764705882353,30.0,2550,2017-09-01,2024-11-11
Khondong Hps,Assam,Hydro,Central,North Eastern,560.99,0.2663770180436847,50.0,2106,2018-11-21,2024-11-11
Pochampad Hps,Telangana,Hydro,State,Southern,560.89,0.21995686274509804,36.0,2550,2017-09-01,2024-11-11
Ghat Prabha Hps,Karnataka,Hydro,State,Southern,556.11,0.21808235294117648,32.0,2550,2017-09-01,2024-11-11
Nagarjun Sgr Tpd,Andhra Pradesh,Hydro,State,Southern,537.38,0.21073725490196077,50.0,2550,2017-09-01,2024-11-11
Bansagar-Ii Hps,Madhya Pradesh,Hydro,State,Western,536.48,0.2597966101694915,30.0,2065,2019-01-01,2024-11-11
Shanan Hps,Punjab,Hydro,State,Northern,526.34,1.193514739229025,110.0,441,2017-09-01,2018-11-17
Suruliyar Hps,Tamil Nadu,Hydro,State,Southern,518.63,0.2033843137254902,35.0,2550,2017-09-01,2024-11-11
Korba-Ii,Chhatisgarh,Thermal,State,Western,509.54,0.13771351351351352,38.648648648648646,925,2017-09-01,2020-03-18
Dholpur Ccpp,Rajasthan,Ther (Gt),State,Northern,435.55,0.17080392156862745,330.0,2550,2017-09-01,2024-11-11
Bhadra Hps,Karnataka,Hydro,State,Southern,434.17,0.1702627450980392,28.350117647058823,2550,2017-09-01,2024-11-11
Lower Mettur-I Hps,Tamil Nadu,Hydro,State,Southern,433.87,0.21010653753026634,30.0,2065,2019-01-01,2024-11-11
And. Nicobar Pvt. Dg,Andaman And Nicobar Islands,Ther (Dg),Private,Eastern,429.0,0.6,35.19,715,2022-11-28,2024-11-11
Lower Mettur-Ii Hps,Tamil Nadu,Hydro,State,Southern,418.54,0.20268280871670702,30.0,2065,2019-01-01,2024-11-11
Subernrekha-Ii Hps,Jharkhand,Hydro,State,Eastern,406.41,0.1968087167070218,65.0,2065,2019-01-01,2024-11-11
Lower Mettur-Iii Hps,Tamil Nadu,Hydro,State,Southern,397.95,0.19271186440677965,30.0,2065,2019-01-01,2024-11-11
Subernrekha-I Hps,Jharkhand,Hydro,State,Eastern,382.94,0.18544309927360775,65.0,2065,2019-01-01,2024-11-11
Hazira Ccpp,Gujarat,Ther (Gt),State,Western,370.74,0.14538823529411765,156.1,2550,2017-09-01,2024-11-11
Bhawani Barrage-Iii Hps,Tamil Nadu,Hydro,State,Southern,348.84,0.13679999999999998,30.0,2550,2017-09-01,2024-11-11
Kundah-V Hps,Tamil Nadu,Hydro,State,Southern,334.48,0.16197578692493947,40.0,2065,2019-01-01,2024-11-11
Lower Mettur-Iv Hps,Tamil Nadu,Hydro,State,Southern,333.04,0.16127845036319613,30.0,2065,2019-01-01,2024-11-11
Mahi Bajaj-Ii Hps,Rajasthan,Hydro,State,Northern,329.17,0.1594043583535109,90.0,2065,2019-01-01,2024-11-11
Lower Mettur Hps,Tamil Nadu,Hydro,State,Southern,317.34,0.6543092783505154,120.0,485,2017-09-01,2018-12-31
Mukerian-Iii Hps,Punjab,Hydro,State,Northern,312.46,0.15131234866828086,58.5,2065,2019-01-01,2024-11-11
Nimmo Bazgo Hps,Jammu And Kashmir,Hydro,Central,Northern,311.34,0.3586866359447004,45.0,868,2017-09-01,2020-01-21
Kodayar-Ii Hps,Tamil Nadu,Hydro,State,Southern,304.83,0.14761743341404357,40.0,2065,2019-01-01,2024-11-11
Hampi Hps,Karnataka,Hydro,State,Southern,301.59,0.11827058823529411,36.0,2550,2017-09-01,2024-11-11
Khondong Hps,Meghalaya,Hydro,Central,North Eastern,296.62,0.6680630630630631,50.0,444,2017-09-01,2018-11-20
Bhandardhara Hps St-Ii,Maharashtra,Hydro,Private,Western,276.38,0.10838431372549019,34.0,2550,2017-09-01,2024-11-11
Mukerian-Iv Hps,Punjab,Hydro,State,Northern,272.92,0.13216464891041163,58.5,2065,2019-01-01,2024-11-11
Parson`S Valley Hps,Tamil Nadu,Hydro,State,Southern,266.23,0.10440392156862746,30.0,2550,2017-09-01,2024-11-11
Kodayar Hps,Tamil Nadu,Hydro,State,Southern,251.27,0.5180824742268041,100.0,485,2017-09-01,2018-12-31
Pench Hps,Madhya Pradesh,Hydro,State,Western,227.79,0.5165306122448979,160.0,441,2017-09-01,2018-11-17
Mukerian-Ii Hps,Punjab,Hydro,State,Northern,208.89000000000001,0.10115738498789346,45.0,2065,2019-01-01,2024-11-11
Mahi Bajaj Hps,Rajasthan,Hydro,State,Northern,200.31,0.41301030927835053,140.0,485,2017-09-01,2018-12-31
Subernrekha Hps,Jharkhand,Hydro,State,Eastern,199.24,0.41080412371134023,130.0,485,2017-09-01,2018-12-31
Chutak Hps,Jammu And Kashmir,Hydro,Central,Northern,167.39000000000001,0.19284562211981568,44.0,868,2017-09-01,2020-01-21
Obra-C Stpp,Uttar Pradesh,Thermal,State,Northern,148.58,0.07726469058762352,16.474258970358814,1122,2021-03-30,2024-04-24
Maithon Hps,Jharkhand,Hydro,Central,Eastern,132.67,0.28531182795698923,63.2,465,2017-09-01,2018-12-11
Dishergarh Tpp,West Bengal,Thermal,Private,Eastern,120.8,0.11406987724268178,12.0,1059,2021-12-19,2024-11-11
Naitwar Mori Hps,Uttarakhand,Hydro,Central,Northern,109.74,0.10952095808383233,19.161676646706585,1002,2022-02-14,2024-11-11
R. Gandhi Ccpp (Liq.),Kerala,Ther (Gt),Central,Southern,103.36,0.04053333333333333,359.58,2550,2017-09-01,2024-11-11
Pykara Hps,Tamil Nadu,Hydro,State,Southern,102.55,0.040215686274509804,59.2,2550,2017-09-01,2024-11-11
Chandrapur(Maharashtra),Maharashtra,Thermal,State,Western,102.1,34.03333333333333,2920.0,3,2017-11-27,2017-12-10
Lakshdweep Dg,Lakshadweep,Ther (Dg),State,Southern,96.75,0.14021739130434782,26.829999999999995,690,2022-12-23,2024-11-11
Stps,Maharashtra,Thermal,State,Western,94.58,4.503809523809524,458.57142857142856,3,2017-11-27,2017-12-10
Sholayar Hps &#40;Tn&#41;,Tamil Nadu,Hydro,State,Southern,93.16,0.6514685314685315,95.0,143,2017-09-01,2018-01-23
Bansagar Tons-Iii Hps,Madhya Pradesh,Hydro,State,Western,89.17,0.18385567010309278,60.0,485,2017-09-01,2018-12-31
Panki Tps,Uttar Pradesh,Thermal,State,Northern,73.61,0.17526190476190476,96.5,210,2017-09-01,2018-03-31
P.Nallur Ccpp,Tamil Nadu,Ther (Gt),Private,Southern,71.51,0.028043137254901963,330.5,2550,2017-09-01,2024-11-11
Gnd Tps(Bhatinda),Punjab,Thermal,State,Northern,67.66,0.029417391304347826,69.44347826086957,575,2017-09-01,2019-03-31
Adani Power Limited Mundra Tpp,Gujarat,Thermal,Private,Western,63.0,7.0,513.3333333333334,1,2023-09-20,2023-09-20
Bansagar Tons-Ii Hps,Madhya Pradesh,Hydro,State,Western,54.480000000000004,0.11232989690721651,30.0,485,2017-09-01,2018-12-31
Peddapuram Ccpp,Andhra Pradesh,Ther (Gt),Private,Southern,49.49,0.019407843137254903,220.0,2550,2017-09-01,2024-11-11
Barauni Tps,Bihar,Thermal,State,Eastern,48.34,0.024917525773195878,132.39690721649484,485,2017-09-01,2018-12-31
Haldia Gt (Liq.),West Bengal,Ther (Gt),State,Eastern,38.86,0.01523921568627451,40.0,2550,2017-09-01,2024-11-11
Baroda Ccpp,Gujarat,Ther (Gt),Private,Western,31.509999999999998,0.012356862745098039,160.0,2550,2017-09-01,2024-11-11
Kondapalli Extn Ccpp,Andhra Pradesh,Ther (Gt),Private,Southern,31.47,0.012341176470588236,366.0,2550,2017-09-01,2024-11-11
Kozhikode Dg,Kerala,Ther (Dg),State,Southern,26.65,0.010450980392156863,96.0,2550,2017-09-01,2024-11-11
Telangana Stpp,Telangana,Thermal,Central,Southern,17.88,0.009664864864864864,0.43243243243243246,1246,2020-02-28,2023-10-09
Samayanallur Dg,Tamil Nadu,Ther (Dg),Private,Southern,16.799999999999997,0.006588235294117646,106.0,2550,2017-09-01,2024-11-11
And. Nicobar Dg,Andaman And Nicobar Islands,Ther (Dg),Private,Eastern,10.2,0.24285714285714283,35.19,42,2022-10-17,2022-11-27
Essar Ccpp,Gujarat,Ther (Gt),Private,Western,1.47,0.0005764705882352941,515.0,2550,2017-09-01,2024-11-11
Basin Bridge Gt (Liq.),Tamil Nadu,Ther (Gt),State,Southern,0.68,0.0002666666666666667,120.0,2550,2017-09-01,2024-11-11
Bramhapuram Dg,Kerala,Ther (Dg),State,Southern,0.32,0.00012549019607843137,63.96,2550,2017-09-01,2024-11-11
Uhl-Iii Hps,Himachal Pradesh,Hydro,State,Northern,0.0,0.0,0.0,2550,2017-09-01,2024-11-11
Kondapalli St-3 Ccpp,Andhra Pradesh,Ther (Gt),Private,Southern,0.0,0.0,742.0,2550,2017-09-01,2024-11-11
Yelhanka (Dg),Karnataka,Ther (Dg),State,Southern,0.0,0.0,98.87870270270271,925,2017-09-01,2020-03-18
Panki Tps Ext,Uttar Pradesh,Thermal,State,Northern,0.0,0.0,0.0,1002,2022-02-14,2024-11-11
Yelahanka Ccpp,Karnataka,Ther (Gt),State,Southern,0.0,0.0,0.0,2340,2018-04-01,2024-11-11
Cochin Ccpp (Liq.),Kerala,Ther (Gt),Private,Southern,0.0,0.0,174.0,2550,2017-09-01,2024-11-11
India Power Tpp (Haldia),West Bengal,Thermal,Private,Eastern,0.0,0.0,50.0,193,2017-09-01,2018-03-14
Jegurupadu Ccpp Ph Ii,Andhra Pradesh,Ther (Gt),Private,Southern,0.0,0.0,220.0,2550,2017-09-01,2024-11-11
Pampore Gps (Liq.),Jammu And Kashmir,Ther (Gt),State,Northern,0.0,0.0,175.0,2550,2017-09-01,2024-11-11
Yadadri Tps,Telangana,Thermal,State,Southern,0.0,0.0,0.0,1002,2022-02-14,2024-11-11
Khurja Tpp,Uttar Pradesh,Thermal,Central,Northern,0.0,0.0,0.0,622,2023-03-01,2024-11-11
Khargone Tpp,Madhya Pradesh,Thermal,Central,Western,0.0,0.0,0.0,269,2019-01-01,2019-09-26
Dae (Rajasthan),Rajasthan,Nuclear,Central,Northern,0.0,0.0,100.0,2550,2017-09-01,2024-11-11
Vemagiri Ccpp,Andhra Pradesh,Ther (Gt),Private,Southern,0.0,0.0,370.0,2550,2017-09-01,2024-11-11
B. Bridge D.G,Tamil Nadu,Ther (Dg),Private,Southern,0.0,0.0,168.0,575,2017-09-01,2019-03-31
Konaseema Ccpp,Andhra Pradesh,Ther (Gt),Private,Southern,0.0,0.0,445.0,2550,2017-09-01,2024-11-11
Katghora Tpp,Chhatisgarh,Thermal,Private,Western,0.0,0.0,35.0,2550,2017-09-01,2024-11-11
Udangudi Tpp,Tamil Nadu,Thermal,State,Southern,0.0,0.0,0.0,622,2023-03-01,2024-11-11
Tuticorin (P) Tpp,Tamil Nadu,Thermal,Private,Southern,0.0,0.0,150.0,2550,2017-09-01,2024-11-11
Parbati-Ii Hps,Himachal Pradesh,Hydro,Central,Northern,0.0,0.0,0.0,2340,2018-04-01,2024-11-11
Kasba Gt (Liq.),West Bengal,Ther (Gt),State,Eastern,0.0,0.0,40.0,2550,2017-09-01,2024-11-11
Pinnapuram Hps,Andhra Pradesh,Hydro,Private,Southern,0.0,0.0,0.0,245,2024-03-12,2024-11-11
Titagarh Tps,West Bengal,Thermal,Private,Eastern,0.0,0.0,60.0,2550,2017-09-01,2024-11-11
Maitrishi Usha Tps,Jharkhand,Thermal,Private,Eastern,0.0,0.0,0.0,2550,2017-09-01,2024-11-11
Sagardighi Tpp St-Iii,West Bengal,Thermal,State,Eastern,0.0,0.0,0.0,245,2024-03-12,2024-11-11
Mangaon Ccpp,Maharashtra,Ther (Gt),Private,Western,0.0,0.0,388.0,2550,2017-09-01,2024-11-11
Sabarmati (C Station),Gujarat,Thermal,Private,Western,0.0,0.0,24.032432432432433,925,2017-09-01,2020-03-18
Giral Tps,Rajasthan,Thermal,State,Northern,0.0,0.0,125.0,2550,2017-09-01,2024-11-11
Rourkela Pp-Ii Expansion,Odisha,Thermal,Central,Eastern,0.0,0.0,0.0,1323,2021-03-30,2024-11-11
Buxar Tpp,Bihar,Thermal,Central,Eastern,0.0,0.0,0.0,622,2023-03-01,2024-11-11
Patratu Tps,Jharkhand,Thermal,Central,Eastern,0.0,0.0,34.233333333333334,210,2017-09-01,2018-03-31
Rithala Ccpp,Delhi,Ther (Gt),Private,Northern,0.0,0.0,108.0,2550,2017-09-01,2024-11-11
Ghatampur Tpp,Uttar Pradesh,Thermal,Central,Northern,0.0,0.0,0.0,1323,2021-03-30,2024-11-11
Gepl Tpp Ph-I,Maharashtra,Thermal,Private,Western,0.0,0.0,60.0,2550,2017-09-01,2024-11-11
Mihan Tps,Maharashtra,Thermal,Private,Western,0.0,0.0,61.5003068627451,2550,2017-09-01,2024-11-11
Gautami Ccpp,Andhra Pradesh,Ther (Gt),Private,Southern,0.0,0.0,464.0,2550,2017-09-01,2024-11-11
Chandrapur(Assam) Tps,Assam,Thermal,State,North Eastern,0.0,0.0,0.0,210,2017-09-01,2018-03-31
Rajghat Tps,Delhi,Thermal,State,Northern,0.0,0.0,54.8027027027027,925,2017-09-01,2020-03-18
Nagarjun Sgr Rbc Extn. Hps,Andhra Pradesh,Hydro,State,Southern,0.0,0.0,0.0,2550,2017-09-01,2024-11-11
Naitwa Mori Hps,Uttarakhand,Hydro,Central,Northern,0.0,0.0,0.0,321,2021-03-30,2022-02-13
Ennore Sctpp,Tamil Nadu,Thermal,State,Southern,0.0,0.0,0.0,1002,2022-02-14,2024-11-11
Nasik (P) Tps,Maharashtra,Thermal,Private,Western,0.0,0.0,270.0,2550,2017-09-01,2024-11-11
Chinakuri Tps,West Bengal,Thermal,Private,Eastern,0.0,0.0,0.0,210,2017-09-01,2018-03-31
New Nabi Nagar Tpp,Bihar,Thermal,Central,Eastern,0.0,0.0,7.885304659498208,698,2017-09-01,2019-08-01
Polavaram Hps,Andhra Pradesh,Hydro,State,Southern,0.0,0.0,0.0,248,2024-03-09,2024-11-11
Patratu Stpp,Jharkhand,Thermal,Central,Eastern,0.0,0.0,0.0,245,2024-03-12,2024-11-11
Salora Tpp,Chhatisgarh,Thermal,Private,Western,0.0,0.0,67.5,2550,2017-09-01,2024-11-11
Tidong Hps,Himachal Pradesh,Hydro,Private,Northern,0.0,0.0,0.0,2550,2017-09-01,2024-11-11
Samalpatti Dg,Tamil Nadu,Ther (Dg),Private,Southern,0.0,0.0,105.7,2550,2017-09-01,2024-11-11
Thottiyar Hps,Kerala,Hydro,State,Southern,0.0,0.0,0.0,1645,2020-02-28,2024-11-11
Tehri Psp,Uttarakhand,Hydro,Central,Northern,0.0,0.0,0.0,245,2024-03-12,2024-11-11
Tashiding,Sikkim,Hydro,Private,Eastern,0.0,0.0,0.0,67,2017-09-01,2017-11-08
Tapovan Vishnugad Hps,Uttarakhand,Hydro,Central,Northern,0.0,0.0,0.0,1645,2020-02-28,2024-11-11
Grel Ccpp (Rajahmundry),Andhra Pradesh,Ther (Gt),Private,Southern,0.0,0.0,768.0,2550,2017-09-01,2024-11-11
Lanco Babandh Tpp,Odisha,Thermal,Private,Eastern,0.0,0.0,0.0,2550,2017-09-01,2024-11-11
Swastik Korba Tpp,Chhatisgarh,Thermal,Private,Western,0.0,0.0,25.0,2550,2017-09-01,2024-11-11
Lanco Vidarbha Tpp,Maharashtra,Thermal,Private,Western,0.0,0.0,0.0,2550,2017-09-01,2024-11-11
Leimakhong Dg,Manipur,Ther (Dg),State,North Eastern,0.0,0.0,36.0,2550,2017-09-01,2024-11-11
Lower Kopili Hps,Assam,Hydro,State,North Eastern,0.0,0.0,0.0,248,2024-03-09,2024-11-11
Bellary Dg,Karnataka,Ther (Dg),Private,Southern,0.0,0.0,25.2,2550,2017-09-01,2024-11-11
Beta Ccpp,Uttarakhand,Ther (Gt),Private,Northern,0.0,0.0,0.0,2550,2017-09-01,2024-11-11
Singhitarai Tpp,Chhatisgarh,Thermal,Private,Western,0.0,0.0,0.0,2550,2017-09-01,2024-11-11
Lower Subansiri Hep,Arunachal Pradesh,Hydro,Central,North Eastern,0.0,0.0,0.0,1002,2022-02-14,2024-11-11
Lvs Power Dg,Andhra Pradesh,Ther (Dg),Private,Southern,0.0,0.0,36.8,2550,2017-09-01,2024-11-11
Maadurga Thermal Power Company Ltd,Odisha,Thermal,Private,Eastern,0.0,0.0,30.0,34,2024-10-09,2024-11-11
Pallivasal New Hps,Kerala,Hydro,State,Southern,0.0,0.0,0.0,964,2022-03-24,2024-11-11
Bhavini Pfbr,Tamil Nadu,Nuclear,Central,Southern,0.0,0.0,0.0,245,2024-03-12,2024-11-11
Gmr Energy Ltd - Kakinada,Andhra Pradesh,Ther (Gt),Private,Southern,0.0,0.0,203.09019607843138,2550,2017-09-01,2024-11-11
Pathadi Stage Ii,Chhatisgarh,Thermal,Private,Western,0.0,0.0,0.0,2550,2017-09-01,2024-11-11
Maheshwar Hps,Madhya Pradesh,Hydro,Private,Western,0.0,0.0,0.0,2550,2017-09-01,2024-11-11
Goa Ccpp (Liq.),Goa,Ther (Gt),Private,Western,0.0,0.0,48.0,2550,2017-09-01,2024-11-11
